candidate_id,human_label
Q00719,
Q01232,
Q01701,
Q00451,
Q01793,
Q02161,
Q01945,
Q00857,
Q01061,
Q00404,
Q02011,
Q00293,
Q00252,
Q00754,
Q00653,
Q00901,
Q00094,
Q01064,
Q01094,
Q01905,
Q01839,
Q02018,
Q01206,
Q02090,
Q00648,
Q01549,
Q01000,
Q00111,
Q01476,
Q01677,
Q00442,
Q00508,
Q01968,
Q01381,
Q01204,
Q01653,
Q00428,
Q00895,
Q01337,
Q00840,
Q00044,
Q02231,
Q00206,
Q01999,
Q01630,
Q01622,
Q01142,
Q00762,
Q01739,
Q02089,
Q00625,
Q01488,
Q01706,
Q00774,
Q00461,
Q01442,
Q00552,
Q01573,
Q01969,
Q01368,
Q01095,
Q01651,
Q01032,
Q00890,
Q00223,
Q00718,
Q00801,
Q00689,
Q01873,
Q00514,
Q02227,
Q01734,
Q00411,
Q01479,
Q01959,
Q01424,
Q00228,
Q00466,
Q01584,
Q00576,
Q00284,
Q01300,
Q00041,
Q01791,
Q01741,
Q00079,
Q02121,
Q00474,
Q00624,
Q00291,
Q01443,
Q00266,
Q00982,
Q01091,
Q01973,
Q00517,
Q00283,
Q01285,
Q02006,
Q00674,
Q01413,
Q02087,
Q00506,
Q01952,
Q01328,
Q00231,
Q01826,
Q01650,
Q00368,
Q00999,
Q00805,
Q00100,
Q02170,
Q02182,
Q00250,
Q00927,
Q01680,
Q01792,
Q01588,
Q00270,
Q00490,
Q00955,
Q00139,
Q01455,
Q00837,
Q00963,
Q02204,
Q01909,
Q00871,
Q00915,
Q02062,
Q00604,
Q00048,
Q01948,
Q01286,
Q00691,
Q00085,
Q01862,
Q00354,
Q01431,
Q00493,
Q00002,
Q00285,
Q01127,
Q00707,
Q01304,
Q00453,
Q01785,
Q00673,
Q01679,
Q00424,
Q01859,
Q00399,
Q01513,
Q00230,
Q01244,
Q00839,
Q02027,
Q01213,
Q02185,
Q01898,
Q02123,
Q02021,
Q01173,
Q02152,
Q01583,
Q01420,
Q00304,
Q01122,
Q01558,
Q00641,
Q02008,
Q00191,
Q01575,
Q01994,
Q01168,
Q02007,
Q01700,
Q00563,
Q01482,
Q01346,
Q00355,
Q00571,
Q00273,
Q00417,
Q01355,
Q00117,
Q00220,
Q01589,
Q01388,
Q00504,
Q01783,
Q00873,
Q00289,
Q01357,
Q00759,
Q01617,
Q00554,
Q01459,
Q01850,
Q02117,
Q01266,
Q00626,
Q01474,
Q01365,
Q01900,
Q02114,
Q02228,
Q01256,
Q00789,
Q00357,
Q00456,
Q01403,
Q02174,
Q00512,
Q00651,
Q01908,
Q01123,
Q01475,
Q01966,
Q01693,
Q00975,
Q01143,
Q02088,
Q02125,
Q01804,
Q00628,
Q01879,
Q00383,
Q00007,
Q01678,
Q01472,
Q01784,
Q00619,
Q00791,
Q00654,
Q02186,
Q01781,
Q02091,
Q00816,
Q00731,
Q00509,
Q01160,
Q00312,
Q00047,
Q01138,
Q00422,
Q00470,
Q01748,
Q00008,
Q02209,
Q01796,
Q00346,
Q00462,
Q01707,
Q01661,
Q01767,
Q01776,
Q00073,
Q00978,
Q01348,
Q01837,
Q01519,
Q00175,
Q01336,
Q00260,
Q00544,
Q00468,
Q00358,
Q00464,
Q01400,
Q02020,
Q00022,
Q01408,
Q00427,
Q01518,
Q02106,
Q00257,
Q01547,
Q01009,
Q01731,
Q02124,
Q00710,
Q00949,
Q00813,
Q01827,
Q00236,
Q02035,
Q01030,
Q01108,
Q00343,
Q01295,
Q00899,
Q00437,
Q01695,
Q02083,
Q00240,
Q02135,
Q00388,
Q00410,
Q00371,
Q01967,
Q00295,
Q00745,
Q01646,
Q01789,
Q00670,
Q01236,
Q01271,
Q00128,
Q00953,
Q02139,
Q01156,
Q00681,
Q00107,
Q00834,
Q01610,
Q02172,
Q01861,
Q01921,
Q00598,
Q00869,
Q00766,
Q01279,
Q01308,
Q01747,
Q01644,
Q01964,
Q01053,
Q01563,
Q00703,
Q02037,
Q00567,
Q02187,
Q01105,
Q00829,
Q00396,
Q01713,
Q00169,
Q00751,
Q01992,
Q00553,
Q00971,
Q01011,
Q01146,
Q01371,
Q01036,
Q00530,
Q01772,
Q00246,
Q00925,
Q00725,
Q00345,
Q00686,
Q02058,
Q01755,
Q01211,
Q00551,
Q00012,
Q00609,
Q00730,
Q01477,
Q01386,
Q01150,
Q01935,
Q00698,
Q01089,
Q00489,
Q00633,
Q02195,
Q01504,
Q01226,
Q00323,
Q01611,
Q00856,
Q00063,
Q00569,
Q01815,
Q01817,
Q02127,
Q01466,
Q00888,
Q01852,
Q02208,
Q01723,
Q00520,
Q01838,
Q00823,
Q01031,
Q00475,
Q00024,
Q00480,
Q00740,
Q00021,
Q01746,
Q01460,
Q01331,
Q02044,
Q00469,
Q01103,
Q00426,
Q00723,
Q00960,
Q00324,
Q01278,
Q01631,
Q00253,
Q00739,
Q00692,
Q01284,
Q01484,
Q02050,
Q00943,
Q01764,
Q01771,
Q01831,
Q01395,
Q00188,
Q00222,
Q00392,
Q00049,
Q01719,
Q01901,
Q01659,
Q00221,
Q00162,
Q01612,
Q01215,
Q01017,
Q01577,
Q01268,
Q00998,
Q00310,
Q00450,
Q01370,
Q01259,
Q01520,
Q02232,
Q01722,
Q00533,
Q01512,
Q01399,
Q01248,
Q02066,
Q00914,
Q00802,
Q00124,
Q01551,
Q00611,
Q01920,
Q01654,
Q01733,
Q00390,
Q01579,
Q00586,
Q00029,
Q00786,
Q01272,
Q02031,
Q01869,
Q00892,
Q00564,
Q00011,
Q00299,
Q00522,
Q00699,
Q01656,
Q01245,
Q01373,
Q01714,
Q00405,
Q01903,
Q01867,
Q00585,
Q01252,
Q01389,
Q01854,
Q01565,
Q00894,
Q01198,
Q01780,
Q00832,
Q01046,
Q01880,
Q01390,
Q01736,
Q00828,
Q01480,
Q00463,
Q00498,
Q00613,
Q01494,
Q01636,
Q00800,
Q01499,
Q00997,
Q01422,
Q02047,
Q00319,
Q00658,
Q01841,
Q01546,
Q00189,
Q00545,
Q00353,
Q01778,
Q01104,
Q00614,
Q01010,
Q02048,
Q01502,
Q00205,
Q01452,
Q00695,
Q00616,
Q00361,
Q00307,
Q00881,
Q01786,
Q02079,
Q00516,
Q00226,
Q00482,
Q01496,
Q02024,
Q01189,
Q01049,
Q01564,
Q01790,
Q00334,
Q01060,
Q01958,
Q00431,
Q00784,
Q01301,
Q02015,
Q01944,
Q00122,
Q01242,
Q02223,
Q00224,
Q02130,
Q00994,
Q01378,
Q00419,
Q01397,
Q00378,
Q01437,
Q01985,
Q00750,
Q01816,
Q02003,
Q01404,
Q00983,
Q01810,
Q00850,
Q00687,
Q00532,
Q00055,
Q01445,
Q01761,
Q00198,
Q00066,
Q02140,
Q01141,
Q00481,
Q01720,
Q01367,
Q00060,
Q01941,
Q00996,
Q01151,
Q00105,
Q01427,
Q00384,
Q00104,
Q00535,
Q02001,
Q00887,
Q01098,
Q00269,
Q01978,
Q02092,
Q00215,
Q01048,
Q00920,
Q01136,
Q01343,
Q00882,
Q01317,
Q00136,
Q01450,
Q01876,
Q02142,
Q00555,
Q00438,
Q00696,
Q00241,
Q00900,
Q00067,
Q00084,
Q01435,
Q01070,
Q02070,
Q01976,
Q01369,
Q01050,
Q02113,
Q02004,
Q01996,
Q01858,
Q01543,
Q00255,
Q02221,
Q01311,
Q00650,
Q01988,
Q00935,
Q01158,
Q01526,
Q02184,
Q01616,
Q01066,
Q00387,
Q00075,
Q01715,
Q00708,
Q00500,
Q00028,
Q02085,
Q00826,
Q00570,
Q01704,
Q00671,
Q00125,
Q00349,
Q01929,
Q01462,
Q01318,
Q00916,
Q01185,
Q02206,
Q02168,
Q01672,
Q01349,
Q00906,
Q00486,
Q00394,
Q01375,
Q02211,
Q01385,
Q02061,
Q01195,
Q01885,
Q01897,
Q01058,
Q01134,
Q01605,
Q02045,
Q01012,
Q00756,
Q00127,
Q00690,
Q00131,
Q00979,
Q01950,
Q00174,
Q01600,
Q00376,
Q02203,
Q00467,
Q00045,
Q01178,
Q00518,
Q02219,
Q00484,
Q00602,
Q01683,
Q01220,
Q00196,
Q00660,
Q02134,
Q02217,
Q01728,
Q01463,
Q01306,
Q00016,
Q00521,
Q00165,
Q00086,
Q01840,
Q00672,
Q00408,
Q02108,
Q01576,
Q01539,
Q00645,
Q00795,
Q01554,
Q01013,
Q01352,
Q01324,
Q00479,
Q00879,
Q00031,
Q01765,
Q00347,
Q01664,
Q01164,
Q00061,
Q00091,
Q01008,
Q01555,
Q01323,
Q00793,
Q01943,
Q01590,
Q02080,
Q00529,
Q01559,
Q01642,
Q01186,
Q01026,
Q02215,
Q01797,
Q01891,
Q00103,
Q01691,
Q01405,
Q02163,
Q01223,
Q01535,
Q00109,
Q01645,
Q01281,
Q01497,
Q00309,
Q01951,
Q00311,
Q01055,
Q01033,
Q01354,
Q02036,
Q01255,
Q00083,
Q00538,
Q00593,
Q00636,
Q01421,
Q00595,
Q01503,
Q00862,
Q00434,
Q00339,
Q01449,
Q01257,
Q01934,
Q01732,
Q01014,
Q02094,
Q01981,
Q01023,
Q00264,
Q00502,
Q00954,
Q00946,
Q01068,
Q01212,
Q02026,
Q01157,
Q00542,
Q01913,
Q00868,
Q02107,
Q02076,
Q00249,
Q00896,
Q01024,
Q01774,
Q00006,
Q01937,
Q00893,
Q00009,
Q02167,
Q00449,
Q02201,
Q01566,
Q01489,
Q01924,
Q00020,
Q00760,
Q01184,
Q01161,
Q00547,
Q00102,
Q02046,
Q01227,
Q00477,
Q00748,
Q00058,
Q00391,
Q01670,
Q01458,
Q02181,
Q01140,
Q01866,
Q01315,
Q00037,
Q00056,
Q02224,
Q01525,
Q00507,
Q00203,
Q00936,
Q01334,
Q01634,
Q01537,
Q00013,
Q01176,
Q01042,
Q01947,
Q00825,
Q01809,
Q00515,
Q00381,
Q01322,
Q01834,
Q01177,
Q01457,
Q00088,
Q01824,
Q00326,
Q00526,
Q00934,
Q01800,
Q01062,
Q00360,
Q01035,
Q01668,
Q00261,
Q00278,
Q00187,
Q02193,
Q00841,
Q00272,
Q00746,
Q01760,
Q01216,
Q01686,
Q00865,
Q00905,
Q01585,
Q00717,
Q01805,
Q01005,
Q00099,
Q00180,
Q01560,
Q00720,
Q00747,
Q01779,
Q02239,
Q00885,
Q00938,
Q01744,
Q01694,
Q01358,
Q00443,
Q00606,
Q00933,
Q00208,
Q01034,
Q01758,
Q00199,
Q00600,
Q00684,
Q01956,
Q01889,
Q01498,
Q00758,
Q00937,
Q01916,
Q00922,
Q01115,
Q00069,
Q01097,
Q01412,
Q00108,
Q01027,
Q01514,
Q01587,
Q00184,
Q01135,
Q01887,
Q01569,
Q00872,
Q01562,
Q00726,
Q01911,
Q01188,
Q00053,
Q01380,
Q01619,
Q00639,
Q00316,
Q00439,
Q00849,
Q00377,
Q01233,
Q02005,
Q01620,
Q00441,
Q00549,
Q01835,
Q00247,
Q00098,
Q01705,
Q01529,
Q00403,
Q00320,
Q00835,
Q01120,
Q00734,
Q00373,
Q01451,
Q00539,
Q00712,
Q01396,
Q01214,
Q01132,
Q01997,
Q01568,
Q00618,
Q00374,
Q00214,
Q00080,
Q00333,
Q00263,
Q00078,
Q00218,
Q00113,
Q01469,
Q00993,
Q01260,
Q00492,
Q00817,
Q00046,
Q00429,
Q01063,
Q01418,
Q00389,
Q01129,
Q01986,
Q00070,
Q00741,
Q00679,
Q01339,
Q00902,
Q00161,
Q02229,
Q01915,
Q00967,
Q01912,
Q01601,
Q01376,
Q00638,
Q00763,
Q01552,
Q00132,
Q01662,
Q01635,
Q01674,
Q01982,
Q00367,
Q00525,
Q00851,
Q00332,
Q01327,
Q01877,
Q00282,
Q00330,
Q00732,
Q00318,
Q00870,
Q00528,
Q00386,
Q00168,
Q00325,
Q01759,
Q02240,
Q01649,
Q00560,
Q00035,
Q00797,
Q00414,
Q00566,
Q00292,
Q00209,
Q00863,
Q00213,
Q02109,
Q01072,
Q02099,
Q02199,
Q00627,
Q00232,
Q02175,
Q01037,
Q01004,
Q00409,
Q01980,
Q02077,
Q01940,
Q01894,
Q00413,
Q01487,
Q00259,
Q01536,
Q00344,
Q01364,
Q00112,
Q00809,
Q02051,
Q00281,
Q01572,
Q01203,
Q01803,
Q01124,
Q02112,
Q01247,
Q01110,
Q02059,
Q00303,
Q00814,
Q01222,
Q02213,
Q00729,
Q00262,
Q01896,
Q01657,
Q00342,
Q00499,
Q00239,
Q01391,
Q01737,
Q02169,
Q01743,
Q02144,
Q01002,
Q00352,
Q01703,
Q00026,
Q01407,
Q00958,
Q01401,
Q01192,
Q01970,
Q01750,
Q00630,
Q00635,
Q00095,
Q01045,
Q01580,
Q02019,
Q00465,
Q00972,
Q01180,
Q02023,
Q01711,
Q00534,
Q01687,
Q01888,
Q01159,
Q00853,
Q01039,
Q00877,
Q00557,
Q01813,
Q01303,
Q00219,
Q01671,
Q00981,
Q01542,
Q02013,
Q00152,
Q01426,
Q01239,
Q00141,
Q00634,
Q00647,
Q00880,
Q01567,
Q02191,
Q00372,
Q00296,
Q02183,
Q01372,
Q00243,
Q01471,
Q00843,
Q00030,
Q02137,
Q01618,
Q01550,
Q00945,
Q00697,
Q02173,
Q01473,
Q01088,
Q00819,
Q01541,
Q01096,
Q01481,
Q01106,
Q01508,
Q01296,
Q00430,
Q01092,
Q00911,
Q01708,
Q01137,
Q01752,
Q01998,
Q00605,
Q01025,
Q00497,
Q01307,
Q01414,
Q02101,
Q00562,
Q00192,
Q02097,
Q01486,
Q01201,
Q01625,
Q00059,
Q01362,
Q01938,
Q00201,
Q02034,
Q02025,
Q02000,
Q00736,
Q01528,
Q01830,
Q01768,
Q01056,
Q01238,
Q00785,
Q01228,
Q01842,
Q00416,
Q02072,
Q01906,
Q00957,
Q00148,
Q00327,
Q01379,
Q00505,
Q00974,
Q00393,
Q01979,
Q00496,
Q00118,
Q01874,
Q01914,
Q01822,
Q00744,
Q02073,
Q01320,
Q01524,
Q01366,
Q01696,
Q01614,
Q01197,
Q01787,
Q01182,
Q01054,
Q00042,
Q02155,
Q01613,
Q00425,
Q01243,
Q02188,
Q01907,
Q00735,
Q01361,
Q02100,
Q01864,
Q00987,
Q00629,
Q00986,
Q00407,
Q01470,
Q00133,
Q01179,
Q02069,
Q00676,
Q01936,
Q02236,
Q01275,
Q01310,
Q01955,
Q01043,
Q00158,
Q01231,
Q02178,
Q01991,
Q00662,
Q01241,
Q01084,
Q00714,
Q01297,
Q02042,
Q01270,
Q00503,
Q01556,
Q00065,
Q00864,
Q01812,
Q01155,
Q00341,
Q00773,
Q01607,
Q00584,
Q01939,
Q01995,
Q01291,
Q01006,
Q00941,
Q01773,
Q02120,
Q00903,
Q01277,
Q02171,
Q01394,
Q02038,
Q00025,
Q00071,
Q00824,
Q00985,
Q00583,
Q01928,
Q00027,
Q02222,
Q02032,
Q01766,
Q00019,
Q02145,
Q00812,
Q01293,
Q01040,
Q01382,
Q02192,
Q01444,
Q00668,
Q01598,
Q01350,
Q00968,
Q00093,
Q01932,
Q00212,
Q01851,
Q00806,
Q00501,
Q00659,
Q00970,
Q01806,
Q00170,
Q01057,
Q01586,
Q01843,
Q00385,
Q00317,
Q00185,
Q01083,
Q01857,
Q01821,
Q01521,
Q01282,
Q01342,
Q00980,
Q00675,
Q00277,
Q01602,
Q00193,
Q01505,
Q00194,
Q00737,
Q00685,
Q00483,
Q00077,
Q01890,
Q00827,
Q00991,
Q02081,
Q01730,
Q01871,
Q01428,
Q00702,
Q01756,
Q02116,
Q00848,
Q00290,
Q00142,
Q01639,
Q00433,
Q00217,
Q01125,
Q01145,
Q01119,
Q02014,
Q01740,
Q00577,
Q01676,
Q00235,
Q00640,
Q01506,
Q01065,
Q01100,
Q00096,
Q01872,
Q01782,
Q01666,
Q00830,
Q01439,
Q01609,
Q01604,
Q01440,
Q01099,
Q02200,
Q01870,
Q00815,
Q00329,
Q00181,
Q01392,
Q00328,
Q01047,
Q00706,
Q00017,
Q00776,
Q02156,
Q02143,
Q01511,
Q00610,
Q02235,
Q01534,
Q01770,
Q01983,
Q00524,
Q01738,
Q01522,
Q02149,
Q00883,
Q01957,
Q00452,
Q02226,
Q01210,
Q00448,
Q01655,
Q02095,
Q00858,
Q00485,
Q01205,
Q02189,
Q01101,
Q00337,
Q01726,
Q01436,
Q01338,
Q00582,
Q01688,
Q00926,
Q01264,
Q02133,
Q01530,
Q00777,
Q00822,
Q00594,
Q00683,
Q01802,
Q00110,
Q01652,
Q00156,
Q00114,
Q00831,
Q00846,
Q01923,
Q01745,
Q00473,
Q00204,
Q01863,
Q00415,
Q01954,
Q00379,
Q00779,
Q00866,
Q01753,
Q00340,
Q02043,
Q02238,
Q02054,
Q01856,
Q01294,
Q00432,
Q01147,
Q01483,
Q01623,
Q00680,
Q02122,
Q00286,
Q01163,
Q01340,
Q01531,
Q00369,
Q01456,
Q00359,
Q00119,
Q01167,
Q00300,
Q00891,
Q01076,
Q01113,
Q02150,
Q01881,
Q00620,
Q01274,
Q00460,
Q00700,
Q01910,
Q00854,
Q00178,
Q00166,
Q01509,
Q01848,
Q00420,
Q00089,
Q01165,
Q00523,
Q01925,
Q01448,
Q01419,
Q00952,
Q01447,
Q00989,
Q01845,
Q00314,
Q00275,
Q00749,
Q00780,
Q00267,
Q00225,
Q02241,
Q00550,
Q00146,
Q00757,
Q00663,
Q00912,
Q02194,
Q01174,
Q00818,
Q01663,
Q00004,
Q01501,
Q01240,
Q00087,
Q00693,
Q02041,
Q01775,
Q00642,
Q00556,
Q01359,
Q01351,
Q01432,
Q02053,
Q00597,
Q01330,
Q01814,
Q01724,
Q02154,
Q01667,
Q01464,
Q01052,
Q01692,
Q01615,
Q00447,
Q01987,
Q01553,
Q02119,
Q00129,
Q01461,
Q00446,
Q01321,
Q00536,
Q00478,
Q01261,
Q01961,
Q00995,
Q01411,
Q01446,
Q01077,
Q00366,
Q01116,
Q01918,
Q01187,
Q00961,
Q01953,
Q00930,
Q02147,
Q01128,
Q01751,
Q00036,
Q02039,
Q00599,
Q00799,
Q01571,
Q02225,
Q01769,
Q01510,
Q01190,
Q00959,
Q00018,
Q00245,
Q01441,
Q00701,
Q01698,
Q01209,
Q01917,
Q02166,
Q02030,
Q01133,
Q00574,
Q00808,
Q00040,
Q01846,
Q00163,
Q00655,
Q00875,
Q00400,
Q02233,
Q00917,
Q00761,
Q02084,
Q01595,
Q01041,
Q00200,
Q00101,
Q00494,
Q00724,
Q01093,
Q01495,
Q00338,
Q01689,
Q01637,
Q00302,
Q00092,
Q00992,
Q01302,
Q00644,
Q01383,
Q00276,
Q02210,
Q01402,
Q00527,
Q00138,
Q01409,
Q00051,
Q01074,
Q00904,
Q00537,
Q01581,
Q00792,
Q01754,
Q00867,
Q01114,
Q00688,
Q00459,
Q00861,
Q00336,
Q00064,
Q00182,
Q01515,
Q01716,
Q01430,
Q00572,
Q00855,
Q01485,
Q02164,
Q02198,
Q02177,
Q01170,
Q00488,
Q00615,
Q01788,
Q01658,
Q01974,
Q00907,
Q00790,
Q01171,
Q01868,
Q01561,
Q00244,
Q00709,
Q01326,
Q00370,
Q00398,
Q00811,
Q00023,
Q01208,
Q01250,
Q00928,
Q00195,
Q00401,
Q01199,
Q01942,
Q01082,
Q01263,
Q01200,
Q01527,
Q01632,
Q01593,
Q00351,
Q01675,
Q00962,
Q00003,
Q00637,
Q01229,
Q02190,
Q00781,
Q00565,
Q00844,
Q01989,
Q01808,
Q00308,
Q00657,
Q01360,
Q00769,
Q02207,
Q00331,
Q01491,
Q01832,
Q00402,
Q00251,
Q00455,
Q00682,
Q00190,
Q01169,
Q02052,
Q02205,
Q01926,
Q01079,
Q00160,
Q01175,
Q02096,
Q01949,
Q02082,
Q01283,
Q00973,
Q00363,
Q00783,
Q01899,
Q00090,
Q00271,
Q01717,
Q01878,
Q00137,
Q00076,
Q01059,
Q00918,
Q00836,
Q02176,
Q01267,
Q01398,
Q00764,
Q01492,
Q01387,
Q00471,
Q00939,
Q02067,
Q01090,
Q02129,
Q02179,
Q01844,
Q00733,
Q00852,
Q00794,
Q00860,
Q02022,
Q00435,
Q00778,
Q02057,
Q01735,
Q00772,
Q00254,
Q02132,
Q01299,
Q01860,
Q01478,
Q00039,
Q00546,
Q01865,
Q01118,
Q00932,
Q01798,
Q00771,
Q01191,
Q00123,
Q00664,
Q00909,
Q02056,
Q01319,
Q00581,
Q00454,
Q00081,
Q00603,
Q02017,
Q00944,
Q01972,
Q01931,
Q01144,
Q00274,
Q00607,
Q01516,
Q02074,
Q01290,
Q00258,
Q00897,
Q00847,
Q01021,
Q02115,
Q01329,
Q01335,
Q01633,
Q00752,
Q01007,
Q00643,
Q01117,
Q00445,
Q01690,
Q01087,
Q01883,
Q00015,
Q01166,
Q00876,
Q00126,
Q00322,
Q00678,
Q00580,
Q01544,
Q01665,
Q01597,
Q01377,
Q00034,
Q00207,
Q00472,
Q02016,
Q00713,
Q02010,
Q01882,
Q01886,
Q01454,
Q02128,
Q00068,
Q00838,
Q02148,
Q01121,
Q00457,
Q02071,
Q00238,
Q00924,
Q00033,
Q00356,
Q00179,
Q01697,
Q00765,
Q01594,
Q00612,
Q01410,
Q02104,
Q00541,
Q00038,
Q00268,
Q00177,
Q00233,
Q01718,
Q01729,
Q02029,
Q02212,
Q00721,
Q01606,
Q01725,
Q00054,
Q00364,
Q01020,
Q01904,
Q01001,
Q00573,
Q00151,
Q01884,
Q00923,
Q00487,
Q00116,
Q01341,
Q00106,
Q01363,
Q00755,
Q00913,
Q00704,
Q02105,
Q00621,
Q00652,
Q01416,
Q00711,
Q01219,
Q00715,
Q00782,
Q00716,
Q00631,
Q00768,
Q01235,
Q01258,
Q01709,
Q00350,
Q01596,
Q02151,
Q00804,
Q01922,
Q01699,
Q00237,
Q00265,
Q00436,
Q01316,
Q01523,
Q01847,
Q02063,
Q01305,
Q01574,
Q00135,
Q01965,
Q01823,
Q00807,
Q01977,
Q00591,
Q01022,
Q01102,
Q01015,
Q01044,
Q00495,
Q01251,
Q00365,
Q00596,
Q00380,
Q01434,
Q00256,
Q00743,
Q00143,
Q00632,
Q01712,
Q00375,
Q00062,
Q01126,
Q02009,
Q01811,
Q00155,
Q00147,
Q00421,
Q02002,
Q02160,
Q01757,
Q02136,
Q00543,
Q00172,
Q01262,
Q00578,
Q01629,
Q00988,
Q00587,
Q01249,
Q01638,
Q00397,
Q00000,
Q01795,
Q01224,
Q02138,
Q01582,
Q01218,
Q01849,
Q01548,
Q01538,
Q01406,
Q00977,
Q01217,
Q00197,
Q02028,
Q00183,
Q01289,
Q02162,
Q01312,
Q00665,
Q00548,
Q00669,
Q00321,
Q00418,
Q01221,
Q02065,
Q01309,
Q00423,
Q01003,
Q01640,
Q01895,
Q01641,
Q01818,
Q02159,
Q00014,
Q01287,
Q01545,
Q01374,
Q00767,
Q00301,
Q01533,
Q01288,
Q00874,
Q02075,
Q00898,
Q01183,
Q02158,
Q02196,
Q00623,
Q01819,
Q01721,
Q00742,
Q00592,
Q01234,
Q00964,
Q01162,
Q01345,
Q00157,
Q02111,
Q01540,
Q00966,
Q01517,
Q00984,
Q02049,
Q01702,
Q01202,
Q00335,
Q00810,
Q01919,
Q00540,
Q00406,
Q00770,
Q00656,
Q01172,
Q00050,
Q01051,
Q00579,
Q01438,
Q00947,
Q00738,
Q01086,
Q00171,
Q01347,
Q02040,
Q01292,
Q00211,
Q02146,
Q01196,
Q00705,
Q01280,
Q00976,
Q01710,
Q01433,
Q00234,
Q02218,
Q01019,
Q02098,
Q01016,
Q01592,
Q00842,
Q01332,
Q00661,
Q01960,
Q00412,
Q01975,
Q02214,
Q00845,
Q00032,
Q00601,
Q01276,
Q01825,
Q00798,
Q00940,
Q00010,
Q00287,
Q01570,
Q01356,
Q00722,
Q00931,
Q00202,
Q00491,
Q01493,
Q01028,
Q00948,
Q01333,
Q00305,
Q00074,
Q00908,
Q01984,
Q00362,
Q01855,
Q01820,
Q01298,
Q02153,
Q01067,
Q01154,
Q01325,
Q00150,
Q01207,
Q01085,
Q00227,
Q00186,
Q00176,
Q01621,
Q00167,
Q00531,
Q01254,
Q00608,
Q02131,
Q00082,
Q01971,
Q02165,
Q00910,
Q01130,
Q00145,
Q02220,
Q01946,
Q02102,
Q00134,
Q01794,
Q01194,
Q01892,
Q01246,
Q00559,
Q01682,
Q01225,
Q01109,
Q02237,
Q01927,
Q01624,
Q00859,
Q01893,
Q00677,
Q00513,
Q01673,
Q01990,
Q00787,
Q01660,
Q01018,
Q00144,
Q00210,
Q00288,
Q01599,
Q00919,
Q01777,
Q01500,
Q00575,
Q00667,
Q01557,
Q01628,
Q01591,
Q00889,
Q01507,
Q00884,
Q00728,
Q02202,
Q00440,
Q01353,
Q01801,
Q01742,
Q00382,
Q00510,
Q00005,
Q00929,
Q01603,
Q00164,
Q01425,
Q01423,
Q01684,
Q00820,
Q00216,
Q01962,
Q00788,
Q00519,
Q01490,
Q02180,
Q00297,
Q01080,
Q00298,
Q00561,
Q00154,
Q00248,
Q01078,
Q00951,
Q01681,
Q01393,
Q01608,
Q00950,
Q02141,
Q00622,
Q00568,
Q00921,
Q00666,
Q01417,
Q01647,
Q00395,
Q00833,
Q00589,
Q00057,
Q00315,
Q01181,
Q01828,
Q01468,
Q00229,
Q00727,
Q01265,
Q00159,
Q01807,
Q00121,
Q01111,
Q02126,
Q00617,
Q00279,
Q00969,
Q01853,
Q00511,
Q00590,
Q00043,
Q01149,
Q02093,
Q01685,
Q02078,
Q00942,
Q01314,
Q02197,
Q00803,
Q01384,
Q02012,
Q01833,
Q00878,
Q00097,
Q00886,
Q01749,
Q00306,
Q00458,
Q01071,
Q00130,
Q01112,
Q00140,
Q01643,
Q01578,
Q01193,
Q00558,
Q00149,
Q00956,
Q01081,
Q00153,
Q00476,
Q00001,
Q02064,
Q00649,
Q01230,
Q01131,
Q01648,
Q00313,
Q01415,
Q02086,
Q01993,
Q00348,
Q01626,
Q02060,
Q01069,
Q01269,
Q00052,
Q01139,
Q01836,
Q00294,
Q01107,
Q01875,
Q01038,
Q01799,
Q01073,
Q00965,
Q00588,
Q00173,
Q02234,
Q01153,
Q01933,
Q00796,
Q01152,
Q01467,
Q01902,
Q01253,
Q01075,
Q00775,
Q00242,
Q01313,
Q01763,
Q02033,
Q01148,
Q01627,
Q02230,
Q00821,
Q01669,
Q00694,
Q02216,
Q01930,
Q01273,
Q01762,
Q00753,
Q02118,
Q01465,
Q00120,
Q01727,
Q02103,
Q01453,
Q02055,
Q00990,
Q00072,
Q01344,
Q02068,
Q02157,
Q00646,
Q00444,
Q01963,
Q01429,
Q00280,
Q00115,
Q01029,
Q01237,
Q02110,
Q01829,
Q01532,
