sheet_index,query_row_index,rival_label,coarse_crossing_scale,last_positive_scale,last_positive_margin,first_nonpositive_scale,first_nonpositive_margin,bracket_width,human_label_positive_side,human_label_nonpositive_side,human_confidence,review_notes
1,36,R,0.75,0.640625,0.013943672180175781,0.6484375,-0.14806079864501953,0.0078125,,,,
2,1,Z,0.5,0.4375,0.0023145675659179688,0.4453125,-0.0652475357055664,0.0078125,,,,
3,8,Z,1.0,0.8984375,0.08341789245605469,0.90625,-0.03514289855957031,0.0078125,,,,
4,35,Z,0.75,0.671875,0.1121368408203125,0.6796875,-0.006703376770019531,0.0078125,,,,
5,53,Z,0.5,0.375,0.037403106689453125,0.3828125,-0.05946826934814453,0.0078125,,,,
6,67,Z,0.5,0.4765625,0.06941890716552734,0.484375,-0.007655143737792969,0.0078125,,,,
7,69,Z,0.25,0.21875,0.015391349792480469,0.2265625,-0.0043468475341796875,0.0078125,,,,
8,39,\ell,0.25,0.15625,0.013863563537597656,0.1640625,-0.11466312408447266,0.0078125,,,,
9,17,\mathcal{L},0.25,0.015625,0.1565074920654297,0.0234375,-0.004651069641113281,0.0078125,,,,
10,31,\mathscr{L},0.5,0.375,0.15987777709960938,0.3828125,-0.1401510238647461,0.0078125,,,,
11,72,\mathscr{L},0.5,0.3984375,0.29923534393310547,0.40625,-0.1063528060913086,0.0078125,,,,
12,76,\mathscr{L},0.75,0.546875,0.5178842544555664,0.5546875,-0.00974273681640625,0.0078125,,,,
13,46,\wr,0.5,0.4765625,0.0760955810546875,0.484375,-0.053023338317871094,0.0078125,,,,
14,47,\wr,0.5,0.453125,0.010233879089355469,0.4609375,-0.046242713928222656,0.0078125,,,,
15,4,z,0.75,0.6796875,0.18547534942626953,0.6875,-0.03433799743652344,0.0078125,,,,
16,5,z,0.75,0.6171875,0.010594367980957031,0.625,-0.14026451110839844,0.0078125,,,,
17,7,z,0.75,0.671875,0.0006618499755859375,0.6796875,-0.1157083511352539,0.0078125,,,,
18,15,z,1.0,0.8359375,0.008121490478515625,0.84375,-0.16037368774414062,0.0078125,,,,
19,24,z,0.75,0.6328125,0.024219512939453125,0.640625,-0.14432334899902344,0.0078125,,,,
20,30,z,0.75,0.640625,0.12694358825683594,0.6484375,-0.031235694885253906,0.0078125,,,,
21,32,z,0.75,0.5703125,0.0796518325805664,0.578125,-0.035904884338378906,0.0078125,,,,
22,33,z,0.25,0.0859375,0.008699417114257812,0.09375,-0.024229049682617188,0.0078125,,,,
23,34,z,1.0,0.765625,0.05078125,0.7734375,-0.04532623291015625,0.0078125,,,,
24,40,z,1.0,0.7890625,0.07524299621582031,0.796875,-0.09166812896728516,0.0078125,,,,
25,45,z,0.5,0.453125,0.1006631851196289,0.4609375,-0.015362739562988281,0.0078125,,,,
26,49,z,0.75,0.5234375,0.0783243179321289,0.53125,-0.048984527587890625,0.0078125,,,,
27,50,z,0.75,0.734375,0.06995296478271484,0.7421875,-0.012505531311035156,0.0078125,,,,
28,51,z,0.25,0.21875,0.012785911560058594,0.2265625,-0.06893348693847656,0.0078125,,,,
29,52,z,0.5,0.4140625,0.016076087951660156,0.421875,-0.06787109375,0.0078125,,,,
30,54,z,1.0,0.9375,0.08968925476074219,0.9453125,-0.03943061828613281,0.0078125,,,,
31,59,z,0.75,0.578125,0.13203811645507812,0.5859375,-0.004802703857421875,0.0078125,,,,
32,74,z,1.0,0.8125,0.1002197265625,0.8203125,-0.04335975646972656,0.0078125,,,,
33,75,z,0.75,0.59375,0.062064170837402344,0.6015625,-0.08093643188476562,0.0078125,,,,
34,77,z,0.75,0.6875,0.054406166076660156,0.6953125,-0.11333560943603516,0.0078125,,,,
35,79,z,0.5,0.359375,0.08047771453857422,0.3671875,-0.047707557678222656,0.0078125,,,,
